UNION,MRGID_EEZ,TERRITORY1,MRGID_TER1,ISO_TER1,UN_TER1,SOVEREIGN1,MRGID_SOV1,ISO_SOV1,UN_SOV1,TERRITORY2,MRGID_TER2,ISO_TER2,UN_TER2,SOVEREIGN2,MRGID_SOV2,ISO_SOV2,UN_SOV2,TERRITORY3,MRGID_TER3,ISO_TER3,UN_TER3,SOVEREIGN3,MRGID_SOV3,ISO_SOV3,UN_SOV3,POL_TYPE,Y_1,x_1,AREA_KM2
Estonia,5675,Estonia,2110,EST,233,Estonia,2110,EST,233,NA,0,NA,NA,NA,0,NA,NA,NA,0,NA,NA,NA,0,NA,NA,Union EEZ and country,58.7153,24.40898,81842
Mayotte,48944,Mayotte,8606,MYT,175,France,17,FRA,250,Mayotte,8606,MYT,175,Comores,2163,COM,174,NA,0,NA,0,NA,0,NA,0,Overlapping claim,-13.21377,45.30528,67285
Overlapping claim Qatar / Saudi Arabia / United Arab Emirates,50170,Qatar,8468,QAT,634,Qatar,8468,QAT,634,Saudi Arabia,2215,SAU,682,Saudi Arabia,2215,SAU,682,United Arab Emirates,2206,ARE,784,United Arab Emirates,2206,ARE,784,Overlapping claim,24.69243,51.59986,126
Cameroon,8475,Cameroon,2170,CMR,120,Cameroon,2170,CMR,120,NA,0,NA,NA,NA,0,NA,NA,NA,0,NA,NA,NA,0,NA,NA,Union EEZ and country,5.62533,12.63665,480130
Finland,5676,Finland,2106,FIN,246,Finland,2106,FIN,246,NA,0,NA,NA,NA,0,NA,NA,NA,0,NA,NA,NA,0,NA,NA,Union EEZ and country,63.97904,25.44114,420076
Bassas da India,8340,Bassas da India,31136,ATF,260,France,17,FRA,250,NA,0,NA,NA,NA,0,NA,NA,NA,0,NA,NA,NA,0,NA,NA,Union EEZ and country,-20.86104,39.42539,120802
Faeroe,8435,Faeroe,3297,FRO,234,Denmark,2157,DNK,208,NA,0,NA,NA,NA,0,NA,NA,NA,0,NA,NA,NA,0,NA,NA,Union EEZ and country,62.59187,-6.99635,267048
Gilbert Islands,8488,Gilbert Islands,17597,KIR,296,Kiribati,2116,KIR,296,NA,0,NA,NA,NA,0,NA,NA,NA,0,NA,NA,NA,0,NA,NA,Union EEZ and country,-0.25894,172.78257,1053609
Overlapping claim: Venezuela / Colombia / Dominican Republic,48971,Colombia,2175,COL,170,Colombia,2175,COL,170,Dominican Republic,8640,DOM,214,Dominican Republic,8640,DOM,214,Venezuela,2201,VEN,862,Venezuela,2201,VEN,862,Overlapping claim,15.05334,-71.09015,869
Nigeria,8474,Nigeria,2253,NGA,566,Nigeria,2253,NGA,566,NA,0,NA,NA,NA,0,NA,NA,NA,0,NA,NA,NA,0,NA,NA,Union EEZ and country,8.70042,7.56884,1087016
Pakistan,8359,Pakistan,2250,PAK,586,Pakistan,2250,PAK,586,NA,0,NA,NA,NA,0,NA,NA,NA,0,NA,NA,NA,0,NA,NA,Union EEZ and country,28.70719,68.46559,1096416
Syria,8373,Syria,3384,SYR,760,Syria,3384,SYR,760,NA,0,NA,NA,NA,0,NA,NA,NA,0,NA,NA,NA,0,NA,NA,Union EEZ and country,35.03314,38.34089,197868
Overlapping claim: Kenya / Somalia,33176,Kenya,2118,KEN,404,Kenya,2118,KEN,404,Federal Republic of Somalia,2187,SOM,706,Federal Republic of Somalia,2187,SOM,706,NA,0,NA,NA,NA,0,NA,NA,Overlapping claim,-2.28224,43.9049,50229
Philippines,8322,Philippines,2245,PHL,608,Philippines,2245,PHL,608,NA,0,NA,NA,NA,0,NA,NA,NA,0,NA,NA,NA,0,NA,NA,Union EEZ and country,12.17841,122.24586,2266873
Bahrain,8358,Bahrain,2154,BHR,48,Bahrain,2154,BHR,48,NA,0,NA,NA,NA,0,NA,NA,NA,0,NA,NA,NA,0,NA,NA,Union EEZ and country,26.30892,50.69234,8272
British Virgin Islands,8411,British Virgin Islands,8653,VGB,92,United Kingdom,2208,GBR,826,NA,0,NA,NA,NA,0,NA,NA,NA,0,NA,NA,NA,0,NA,NA,Union EEZ and country,20.38607,-64.505,81722
Cuba,8406,Cuba,8637,CUB,192,Cuba,8637,CUB,192,NA,0,NA,NA,NA,0,NA,NA,NA,0,NA,NA,NA,0,NA,NA,Union EEZ and country,21.60608,-80.93245,462964
Johnston Atoll,8452,Johnston Atoll,8678,UMI,581,United States,2204,USA,840,NA,0,NA,NA,NA,0,NA,NA,NA,0,NA,NA,NA,0,NA,NA,Union EEZ and country,16.75109,-169.50612,442448
Guyana,8460,Guyana,2124,GUY,328,Guyana,2124,GUY,328,NA,0,NA,NA,NA,0,NA,NA,NA,0,NA,NA,NA,0,NA,NA,Union EEZ and country,6.29024,-58.45108,345520
Seychelles,8337,Seychelles,2192,SYC,690,Seychelles,2192,SYC,690,NA,0,NA,NA,NA,0,NA,NA,NA,0,NA,NA,NA,0,NA,NA,Union EEZ and country,-6.54784,52.4686,1341994
Phoenix Group,8450,Phoenix Group,8658,KIR,296,Kiribati,2116,KIR,296,NA,0,NA,NA,NA,0,NA,NA,NA,0,NA,NA,NA,0,NA,NA,Union EEZ and country,-3.73182,-172.45394,745823
Overlapping claim South China Sea,49003,China,0,CHN,156,China,8603,CHN,156,NA,0,NA,0,NA,0,NA,0,NA,0,NA,0,NA,0,NA,0,Overlapping claim,13.14179,114.10176,338839
Equatorial Guinea,8398,Equatorial Guinea,2112,GNQ,226,Equatorial Guinea,2112,GNQ,226,NA,0,NA,NA,NA,0,NA,NA,NA,0,NA,NA,NA,0,NA,NA,Union EEZ and country,-1.12276,5.83364,330928
Vietnam,8484,Vietnam,2200,VNM,704,Vietnam,2200,VNM,704,NA,0,NA,NA,NA,0,NA,NA,NA,0,NA,NA,NA,0,NA,NA,Union EEZ and country,13.17129,108.00154,1077854
Matthew and Hunter Islands,48948,Matthew and Hunter Islands,49593,NA,NA,France,17,FRA,250,Matthew and Hunter Islands,49593,NA,NA,Vanuatu,2202,VUT,548,NA,0,NA,NA,NA,0,NA,NA,Overlapping claim,-23.2791,172.03655,187186
Panama,8423,Panama,2249,PAN,591,Panama,2249,PAN,591,NA,0,NA,NA,NA,0,NA,NA,NA,0,NA,NA,NA,0,NA,NA,Union EEZ and country,8.32914,-80.30123,406250
Tromelin Island,48946,Ile Tromelin,8613,NA,NA,France,17,FRA,250,Ile Tromelin,8613,NA,NA,Madagascar,7963,MDG,450,Ile Tromelin,8613,NA,NA,Republic of Mauritius,8614,MUS,480,Overlapping claim,-15.71127,54.67305,274562
Gabon,8476,Gabon,2104,GAB,266,Gabon,2104,GAB,266,NA,0,NA,NA,NA,0,NA,NA,NA,0,NA,NA,NA,0,NA,NA,Union EEZ and country,-1.67162,10.46771,463413
Sao Tome and Principe,8397,Sao Tome and Principe,2238,STP,678,Sao Tome and Principe,2238,STP,678,NA,0,NA,NA,NA,0,NA,NA,NA,0,NA,NA,NA,0,NA,NA,Union EEZ and country,0.77649,6.35611,131846
North Korea,8328,North Korea,8601,PRK,408,North Korea,8601,PRK,408,NA,0,NA,NA,NA,0,NA,NA,NA,0,NA,NA,NA,0,NA,NA,Union EEZ and country,39.99009,128.04849,236799
Saba,26518,Saba,19095,BES,535,Netherlands,15,NLD,528,NA,0,NA,NA,NA,0,NA,NA,NA,0,NA,NA,NA,0,NA,NA,Union EEZ and country,17.37777,-63.6013,9502
Northern Mariana Islands,48980,Northern Mariana Islands,8598,MNP,580,United States,2204,USA,840,NA,0,NA,NA,NA,0,NA,NA,NA,0,NA,NA,NA,0,NA,NA,Union EEZ and country,18.28509,145.73925,764117
Kuril Islands,48950,Kuril Islands,9011,NA,NA,Japan,2121,JPN,392,Kuril Islands,9011,NA,NA,Russia,2240,RUS,643,NA,0,NA,NA,NA,0,NA,NA,Overlapping claim,43.90538,147.9443,218735
Senegal,8371,Senegal,2225,SEN,686,Senegal,2225,SEN,686,NA,0,NA,NA,NA,0,NA,NA,NA,0,NA,NA,NA,0,NA,NA,Union EEZ and country,14.0656,-16.26891,353555
Jordan,8491,Jordan,2120,JOR,400,Jordan,2120,JOR,400,NA,0,NA,NA,NA,0,NA,NA,NA,0,NA,NA,NA,0,NA,NA,Union EEZ and country,31.24507,36.7866,89444
Palestine,48953,Palestine,15525,PSE,275,Palestine,15525,PSE,275,Israel,2123,ISR,376,Israel,2123,ISR,376,NA,0,NA,NA,NA,0,NA,NA,Union EEZ and country,31.85716,35.05672,7373
Saudi Arabia,8356,Saudi Arabia,2215,SAU,682,Saudi Arabia,2215,SAU,682,NA,0,NA,NA,NA,0,NA,NA,NA,0,NA,NA,NA,0,NA,NA,Union EEZ and country,23.94829,44.13152,2149380
Serranilla Bank,48984,Serranilla Bank,5772,NA,NA,Colombia,2175,COL,170,NA,0,NA,NA,NA,0,NA,NA,NA,0,NA,NA,NA,0,NA,NA,Union EEZ and country,15.79723,-79.85556,1553
French Guiana,8462,French Guiana,8683,GUF,254,France,17,FRA,250,NA,0,NA,NA,NA,0,NA,NA,NA,0,NA,NA,NA,0,NA,NA,Union EEZ and country,5.62053,-52.32728,214812
Senkaku Islands,48954,Senkaku Islands,48936,NA,0,Taiwan,2177,TWN,158,Senkaku Islands,48936,NA,0,Japan,2121,JPN,392,Senkaku Islands,48936,NA,0,China,8603,CHN,156,Overlapping claim,26.52074,124.12206,73801
Hawaii,8453,Hawaii,8679,NA,NA,United States,2204,USA,840,NA,0,NA,NA,NA,0,NA,NA,NA,0,NA,NA,NA,0,NA,NA,Union EEZ and country,24.01626,-151.09216,2491444
Iran,8469,Iran,2126,IRN,364,Iran,2126,IRN,364,NA,0,NA,NA,NA,0,NA,NA,NA,0,NA,NA,NA,0,NA,NA,Union EEZ and country,32.24096,54.2557,1838235
Crozet Islands,8385,Crozet Islands,8627,ATF,260,France,17,FRA,250,NA,0,NA,NA,NA,0,NA,NA,NA,0,NA,NA,NA,0,NA,NA,Union EEZ and country,-46.30699,51.21244,575742
Georgia,5678,Georgia,2102,GEO,268,Georgia,2102,GEO,268,NA,0,NA,NA,NA,0,NA,NA,NA,0,NA,NA,NA,0,NA,NA,Union EEZ and country,42.24675,42.77446,92515
Guinea-Bissau,8471,Guinea-Bissau,8685,GNB,624,Guinea-Bissau,8685,GNB,624,NA,0,NA,NA,NA,0,NA,NA,NA,0,NA,NA,NA,0,NA,NA,Union EEZ and country,10.92648,-16.94227,140612
Turks and Caicos Islands,8405,Turks and Caicos Islands,2211,TCA,796,United Kingdom,2208,GBR,826,NA,0,NA,NA,NA,0,NA,NA,NA,0,NA,NA,NA,0,NA,NA,Union EEZ and country,22.79862,-70.864,92017
Mauritania,8369,Mauritania,2236,MRT,478,Mauritania,2236,MRT,478,NA,0,NA,NA,NA,0,NA,NA,NA,0,NA,NA,NA,0,NA,NA,Union EEZ and country,19.98315,-11.40201,1212055
Micronesia,8316,Micronesia,8595,FSM,583,Micronesia,8595,FSM,583,NA,0,NA,0,NA,0,NA,0,NA,0,NA,0,NA,0,NA,0,Union EEZ and country,6.77023,150.32193,3013629
New Caledonia,8312,New Caledonia,2261,NCL,540,France,17,FRA,250,NA,0,NA,NA,NA,0,NA,NA,NA,0,NA,NA,NA,0,NA,NA,Union EEZ and country,-21.02186,163.24568,1198283
Mexico,8429,Mexico,2224,MEX,484,Mexico,2224,MEX,484,NA,0,NA,NA,NA,0,NA,NA,NA,0,NA,NA,NA,0,NA,NA,Union EEZ and country,22.34985,-104.26398,5138726
Portugal,5688,Portugal,2243,PRT,620,Portugal,2243,PRT,620,NA,0,NA,NA,NA,0,NA,NA,NA,0,NA,NA,NA,0,NA,NA,Union EEZ and country,38.62323,-10.26364,404204
Wallis and Futuna,8454,Wallis and Futuna,8680,WLF,876,France,17,FRA,250,NA,0,NA,NA,NA,0,NA,NA,NA,0,NA,NA,NA,0,NA,NA,Union EEZ and country,-12.79724,-172.77877,262926
Macquarie Island,8311,Macquarie Island,8592,NA,NA,Australia,2147,AUS,36,NA,0,NA,NA,NA,0,NA,NA,NA,0,NA,NA,NA,0,NA,NA,Union EEZ and country,-54.87811,158.64993,475781
Saint Kitts and Nevis,8413,Saint Kitts and Nevis,8644,KNA,659,Saint Kitts and Nevis,8644,KNA,659,NA,0,NA,NA,NA,0,NA,NA,NA,0,NA,NA,NA,0,NA,NA,Union EEZ and country,16.99792,-62.90018,9769
United Arab Emirates,8360,United Arab Emirates,2206,ARE,784,United Arab Emirates,2206,ARE,784,NA,0,NA,NA,NA,0,NA,NA,NA,0,NA,NA,NA,0,NA,NA,Union EEZ and country,24.34993,54.14591,122932
Saint Helena,8380,Saint Helena,8619,SHN,654,United Kingdom,2208,GBR,826,NA,0,NA,NA,NA,0,NA,NA,NA,0,NA,NA,NA,0,NA,NA,Union EEZ and country,-15.97278,-5.70869,449352
Doumeira Islands,48956,Doumeira Islands,48934,NA,NA,Eritrea,2111,ERI,232,Doumeira Islands,48934,NA,NA,Djibouti,2131,DJI,262,NA,0,NA,NA,NA,0,NA,NA,Overlapping claim,12.75874,43.22193,246
United Kingdom,5696,United Kingdom,2208,GBR,826,United Kingdom,2208,GBR,826,NA,0,NA,NA,NA,0,NA,NA,NA,0,NA,NA,NA,0,NA,NA,Union EEZ and country,56.15339,-3.95824,977103
Uruguay,8467,Uruguay,2216,URY,858,Uruguay,2216,URY,858,NA,0,NA,NA,NA,0,NA,NA,NA,0,NA,NA,NA,0,NA,NA,Union EEZ and country,-34.15741,-54.78948,320455
Thailand,8332,Thailand,2207,THA,764,Thailand,2207,THA,764,NA,0,NA,NA,NA,0,NA,NA,NA,0,NA,NA,NA,0,NA,NA,Union EEZ and country,12.96664,100.51193,812584
Latvia,5683,Latvia,2132,LVA,428,Latvia,2132,LVA,428,NA,0,NA,NA,NA,0,NA,NA,NA,0,NA,NA,NA,0,NA,NA,Union EEZ and country,56.93061,23.83254,92904
Bulgaria,5672,Bulgaria,2174,BGR,100,Bulgaria,2174,BGR,100,NA,0,NA,NA,NA,0,NA,NA,NA,0,NA,NA,NA,0,NA,NA,Union EEZ and country,42.79965,26.18322,145698
Suriname,8461,Suriname,2182,SUR,740,Suriname,2182,SUR,740,NA,0,NA,NA,NA,0,NA,NA,NA,0,NA,NA,NA,0,NA,NA,Union EEZ and country,5.795,-55.36375,278225
Sudan,8355,Sudan,2183,SDN,729,Sudan,2183,SDN,729,NA,0,NA,NA,NA,0,NA,NA,NA,0,NA,NA,NA,0,NA,NA,Union EEZ and country,16.11342,30.22279,1915609
Overlapping claim: Trinidad and Tobago / Venezuela / Guyana,33185,Guyana,2124,GUY,328,Guyana,2124,GUY,328,Trinidad and Tobago,2186,TTO,780,Trinidad and Tobago,2186,TTO,780,Venezuela,2201,VEN,862,Venezuela,2201,VEN,862,Overlapping claim,10.56539,-57.88712,3612
Overlapping claim Liancourt Rocks: Japan / South Korea,48955,Liancourt Rocks,48935,NA,NA,Japan,2121,JPN,392,Liancourt Rocks,48935,NA,NA,South Korea,8600,KOR,410,NA,0,NA,NA,NA,0,NA,NA,Overlapping claim,37.24233,131.86633,1624
Togo,8392,Togo,8632,TGO,768,Togo,8632,TGO,768,NA,0,NA,NA,NA,0,NA,NA,NA,0,NA,NA,NA,0,NA,NA,Union EEZ and country,7.70602,1.15563,72151
Cape Verde,8362,Cape Verde,2168,CPV,132,Cape Verde,2168,CPV,132,NA,0,NA,NA,NA,0,NA,NA,NA,0,NA,NA,NA,0,NA,NA,Union EEZ and country,16.09117,-24.17066,806027
Kenya,8349,Kenya,2118,KEN,404,Kenya,2118,KEN,404,NA,0,NA,NA,NA,0,NA,NA,NA,0,NA,NA,NA,0,NA,NA,Union EEZ and country,-0.1315,38.504,697290
Angola,8478,Angola,2150,AGO,24,Angola,2150,AGO,24,NA,0,NA,NA,NA,0,NA,NA,NA,0,NA,NA,NA,0,NA,NA,Union EEZ and country,-12.12815,15.69862,1742906
Easter Island,21787,Easter Island,15120,NA,NA,Chile,2165,CHL,152,NA,0,NA,NA,NA,0,NA,NA,NA,0,NA,NA,NA,0,NA,NA,Union EEZ and country,-26.82407,-107.43913,729932
Réunion,8338,Réunion,8609,REU,638,France,17,FRA,250,NA,0,NA,NA,NA,0,NA,NA,NA,0,NA,NA,NA,0,NA,NA,Union EEZ and country,-21.77686,54.71973,317665
Tuvalu,8326,Tuvalu,2210,TUV,798,Tuvalu,2210,TUV,798,NA,0,NA,NA,NA,0,NA,NA,NA,0,NA,NA,NA,0,NA,NA,Union EEZ and country,-7.81253,74.29359,753175
Norway,5686,Norway,2252,NOR,578,Norway,2252,NOR,578,NA,0,NA,NA,NA,0,NA,NA,NA,0,NA,NA,NA,0,NA,NA,Union EEZ and country,67.32787,14.05973,1258494
Puerto Rico,33179,Puerto Rico,8641,PRI,630,United States,2204,USA,840,NA,0,NA,NA,NA,0,NA,NA,NA,0,NA,NA,NA,0,NA,NA,Union EEZ and country,17.82148,-66.76937,163631
Jamaica,8459,Jamaica,8682,JAM,388,Jamaica,8682,JAM,388,NA,0,NA,NA,NA,0,NA,NA,NA,0,NA,NA,NA,0,NA,NA,Union EEZ and country,16.73015,-77.29169,267912
East Timor,8758,East Timor,8757,TLS,626,East Timor,8757,TLS,626,NA,0,NA,NA,NA,0,NA,NA,NA,0,NA,NA,NA,0,NA,NA,Union EEZ and country,-9.62675,126.71272,89665
Andaman and Nicobar,8333,Andaman and Nicobar,8605,NA,NA,India,2128,IND,356,NA,0,NA,NA,NA,0,NA,NA,NA,0,NA,NA,NA,0,NA,NA,Union EEZ and country,9.99124,92.19838,671991
Azores,8361,Azores,2454,NA,NA,Portugal,2243,PRT,620,NA,0,NA,NA,NA,0,NA,NA,NA,0,NA,NA,NA,0,NA,NA,Union EEZ and country,38.47507,-27.97434,962788
Myanmar,8482,Myanmar,2219,MMR,104,Myanmar,2219,MMR,104,NA,0,NA,NA,NA,0,NA,NA,NA,0,NA,NA,NA,0,NA,NA,Union EEZ and country,18.56077,95.73341,1165257
Federal Republic of Somalia,8350,Federal Republic of Somalia,2187,SOM,706,Federal Republic of Somalia,2187,SOM,706,NA,0,NA,NA,NA,0,NA,NA,NA,0,NA,NA,NA,0,NA,NA,Union EEZ and country,5.68698,47.44359,1414524
Romania,5689,Romania,2241,ROU,642,Romania,2241,ROU,642,NA,0,NA,NA,NA,0,NA,NA,NA,0,NA,NA,NA,0,NA,NA,Union EEZ and country,45.6669,25.5328,267908
Canada,8493,Canada,2169,CAN,124,Canada,2169,CAN,124,NA,0,NA,NA,NA,0,NA,NA,NA,0,NA,NA,NA,0,NA,NA,Union EEZ and country,64.50915,-94.65701,15700025
Algeria,8378,Algeria,2152,DZA,12,Algeria,2152,DZA,12,NA,0,NA,NA,NA,0,NA,NA,NA,0,NA,NA,NA,0,NA,NA,Union EEZ and country,28.69612,2.70792,2444284
South Africa,8396,South Africa,2176,ZAF,710,South Africa,2176,ZAF,710,NA,0,NA,NA,NA,0,NA,NA,NA,0,NA,NA,NA,0,NA,NA,Union EEZ and country,-31.16021,24.77862,2292218
Tonga,8448,Tonga,8674,TON,776,Tonga,8674,TON,776,NA,0,NA,NA,NA,0,NA,NA,NA,0,NA,NA,NA,0,NA,NA,Union EEZ and country,-20.22134,-174.76593,666812
Djibouti,8352,Djibouti,2131,DJI,262,Djibouti,2131,DJI,262,NA,0,NA,NA,NA,0,NA,NA,NA,0,NA,NA,NA,0,NA,NA,Union EEZ and country,11.80055,42.7932,28895
Sint-Maarten,21803,Sint-Maarten,21802,SXM,534,Netherlands,15,NLD,528,NA,0,NA,NA,NA,0,NA,NA,NA,0,NA,NA,NA,0,NA,NA,Union EEZ and country,17.94583,-63.11828,505
Greece,5679,Greece,2099,GRC,300,Greece,2099,GRC,300,NA,0,NA,NA,NA,0,NA,NA,NA,0,NA,NA,NA,0,NA,NA,Union EEZ and country,37.06669,23.7235,615331
Slovenia,5692,Slovenia,2188,SVN,705,Slovenia,2188,SVN,705,NA,0,NA,NA,NA,0,NA,NA,NA,0,NA,NA,NA,0,NA,NA,Union EEZ and country,46.11552,14.81268,20436
Colombia,8426,Colombia,2175,COL,170,Colombia,2175,COL,170,NA,0,NA,NA,NA,0,NA,NA,NA,0,NA,NA,NA,0,NA,NA,Union EEZ and country,5.73575,-75.02012,1855095
Nicaragua,8425,Nicaragua,2255,NIC,558,Nicaragua,2255,NIC,558,NA,0,NA,NA,NA,0,NA,NA,NA,0,NA,NA,NA,0,NA,NA,Union EEZ and country,12.8284,-84.07465,341809
Turkey,5697,Turkey,2213,TUR,792,Turkey,2213,TUR,792,NA,0,NA,NA,NA,0,NA,NA,NA,0,NA,NA,NA,0,NA,NA,Union EEZ and country,39.43465,34.67266,1042327
Sri Lanka,8346,Sri Lanka,2195,LKA,144,Sri Lanka,2195,LKA,144,NA,0,NA,NA,NA,0,NA,NA,NA,0,NA,NA,NA,0,NA,NA,Union EEZ and country,6.66455,81.53293,599363
New Zealand,8455,New Zealand,2227,NZL,554,New Zealand,2227,NZL,554,NA,0,NA,NA,NA,0,NA,NA,NA,0,NA,NA,NA,0,NA,NA,Union EEZ and country,-42.70872,77.74731,4374136
Cook Islands,8446,Cook Islands,8672,COK,184,New Zealand,2227,NZL,554,NA,0,NA,NA,NA,0,NA,NA,NA,0,NA,NA,NA,0,NA,NA,Union EEZ and country,-15.01948,-161.30309,1969814
Brunei,26521,Brunei,2145,BRN,96,Brunei,2145,BRN,96,NA,0,NA,NA,NA,0,NA,NA,NA,0,NA,NA,NA,0,NA,NA,Union EEZ and country,5.87722,113.54908,48959
"Abu musa, Greater and Lesser Tunb",48947,United Arab Emirates,2206,ARE,784,United Arab Emirates,2206,ARE,784,Iran,2126,IRN,364,Iran,2126,IRN,364,NA,0,NA,NA,NA,0,NA,NA,Overlapping claim,26.01295,55.17177,6199
Jersey,21789,Jersey,4378,JEY,832,United Kingdom,2208,GBR,826,NA,0,NA,NA,NA,0,NA,NA,NA,0,NA,NA,NA,0,NA,NA,Union EEZ and country,49.12631,-2.1881,2402
China,8486,China,8603,CHN,156,China,8603,CHN,156,NA,0,NA,NA,NA,0,NA,NA,NA,0,NA,NA,NA,0,NA,NA,Union EEZ and country,35.80488,105.06602,10340834
Amsterdam and Saint Paul Islands,8386,Amsterdam and Saint Paul Islands,48979,ATF,260,France,17,FRA,250,NA,0,NA,NA,NA,0,NA,NA,NA,0,NA,NA,NA,0,NA,NA,Union EEZ and country,-38.29427,77.54181,512252
Croatia,5673,Croatia,2160,HRV,191,Croatia,2160,HRV,191,NA,0,NA,NA,NA,0,NA,NA,NA,0,NA,NA,NA,0,NA,NA,Union EEZ and country,44.25242,16.03761,112414
Iraq,8470,Iraq,2125,IRQ,368,Iraq,2125,IRQ,368,NA,0,NA,NA,NA,0,NA,NA,NA,0,NA,NA,NA,0,NA,NA,Union EEZ and country,33.03988,43.77843,438377
Chile,8465,Chile,2165,CHL,152,Chile,2165,CHL,152,NA,0,NA,NA,NA,0,NA,NA,NA,0,NA,NA,NA,0,NA,NA,Union EEZ and country,-40.31881,-74.67069,3244212
Netherlands,5668,Netherlands,15,NLD,528,Netherlands,15,NLD,528,NA,0,NA,NA,NA,0,NA,NA,NA,0,NA,NA,NA,0,NA,NA,Union EEZ and country,53.14015,4.68165,99497
Ivory Coast,8473,Ivory Coast,2161,CIV,384,Ivory Coast,2161,CIV,384,NA,0,NA,NA,NA,0,NA,NA,NA,0,NA,NA,NA,0,NA,NA,Union EEZ and country,6.13045,-5.52125,492520
Grenada,8419,Grenada,8650,GRD,308,Grenada,8650,GRD,308,NA,0,NA,NA,NA,0,NA,NA,NA,0,NA,NA,NA,0,NA,NA,Union EEZ and country,12.24262,-62.05328,25929
Falkland Islands,8389,Falkland / Malvinas Islands,8623,FLK,238,United Kingdom,2208,GBR,826,Falkland / Malvinas Islands,8623,FLK,238,Argentina,2149,ARG,32,NA,0,NA,NA,NA,0,NA,NA,Union EEZ and country,-51.66866,-58.346,562944
Norfolk Island,8310,Norfolk Island,8591,NFK,574,Australia,2147,AUS,36,NA,0,NA,NA,NA,0,NA,NA,NA,0,NA,NA,NA,0,NA,NA,Union EEZ and country,-29.09313,167.92899,430640
Guadeloupe,33177,Guadeloupe,8654,GLP,312,France,17,FRA,250,NA,0,NA,NA,NA,0,NA,NA,NA,0,NA,NA,NA,0,NA,NA,Union EEZ and country,16.78811,-59.88047,92355
Bahamas,8404,Bahamas,2144,BHS,44,Bahamas,2144,BHS,44,NA,0,NA,NA,NA,0,NA,NA,NA,0,NA,NA,NA,0,NA,NA,Union EEZ and country,25.0992,-75.59989,633060
Qatar,8468,Qatar,2242,QAT,634,Qatar,2242,QAT,634,NA,0,NA,NA,NA,0,NA,NA,NA,0,NA,NA,NA,0,NA,NA,Union EEZ and country,25.7069,51.69541,42976
United States,8456,United States,2204,USA,840,United States,2204,USA,840,NA,0,NA,NA,NA,0,NA,NA,NA,0,NA,NA,NA,0,NA,NA,Union EEZ and country,38.45695,-98.38831,10392557
Brazil,8464,Brazil,2143,BRA,76,Brazil,2143,BRA,76,NA,0,NA,NA,NA,0,NA,NA,NA,0,NA,NA,NA,0,NA,NA,Union EEZ and country,-10.86316,-49.30546,11678267
South Korea,8327,South Korea,8600,KOR,410,South Korea,8600,KOR,410,NA,0,NA,NA,NA,0,NA,NA,NA,0,NA,NA,NA,0,NA,NA,Union EEZ and country,35.87951,127.62547000000001,448099
Heard and McDonald Islands,8388,Heard and McDonald Islands,8631,HMD,334,Australia,2147,AUS,36,NA,0,NA,NA,NA,0,NA,NA,NA,0,NA,NA,NA,0,NA,NA,Union EEZ and country,-53.49828,73.73032,417685
Trinidade,8381,Trindade,8622,NA,NA,Brazil,2143,BRA,76,NA,0,NA,NA,NA,0,NA,NA,NA,0,NA,NA,NA,0,NA,NA,Union EEZ and country,-20.50277,-29.09644,472493
Wake Island,8319,Wake Island,8597,UMI,581,United States,2204,USA,840,NA,0,NA,NA,NA,0,NA,NA,NA,0,NA,NA,NA,0,NA,NA,Union EEZ and country,19.50326,166.53046,406978
Western Sahara,8368,Western Sahara,8617,ESH,732,Western Sahara,8617,ESH,732,Western Sahara,8617,ESH,732,Morocco,2221,MAR,504,NA,0,NA,NA,NA,0,NA,NA,Union EEZ and country,23.98576,-15.46474,553988
Greenland,8438,Greenland,2260,GRL,304,Denmark,2157,DNK,208,NA,0,NA,NA,NA,0,NA,NA,NA,0,NA,NA,NA,0,NA,NA,Union EEZ and country,75.13542,-36.40807,4437543
Galapagos,8403,Galapagos,5660,NA,NA,Ecuador,2166,ECU,218,NA,0,NA,NA,NA,0,NA,NA,NA,0,NA,NA,NA,0,NA,NA,Union EEZ and country,-0.04663,-90.83238,849473
Haiti,8408,Haiti,8639,HTI,332,Haiti,8639,HTI,332,NA,0,NA,NA,NA,0,NA,NA,NA,0,NA,NA,NA,0,NA,NA,Union EEZ and country,18.12544,-73.36919,130503
Howland and Baker islands,8451,Howland and Baker islands,48684,UMI,581,United States,2204,USA,840,NA,0,NA,NA,NA,0,NA,NA,NA,0,NA,NA,NA,0,NA,NA,Union EEZ and country,0.7913,-176.72727,434897
Papua New Guinea,8324,Papua New Guinea,2237,PNG,598,Papua New Guinea,2237,PNG,598,NA,0,NA,NA,NA,0,NA,NA,NA,0,NA,NA,NA,0,NA,NA,Union EEZ and country,-5.6249,149.83749,2861676
Alaska,8463,Alaska,8684,NA,NA,United States,2204,USA,840,NA,0,NA,NA,NA,0,NA,NA,NA,0,NA,NA,NA,0,NA,NA,Union EEZ and country,60.70916,-130.4678,5193061
Saint-Barthélemy,48952,Saint-Barthélemy,19099,BLM,652,France,17,FRA,250,NA,0,NA,NA,NA,0,NA,NA,NA,0,NA,NA,NA,0,NA,NA,Union EEZ and country,17.93255,-62.62858,4203
Tanzania,8479,Tanzania,2205,TZA,834,Tanzania,2205,TZA,834,NA,0,NA,NA,NA,0,NA,NA,NA,0,NA,NA,NA,0,NA,NA,Union EEZ and country,-6.45858,36.11885,1182383
Sierra Leone,8390,Sierra Leone,2191,SLE,694,Sierra Leone,2191,SLE,694,NA,0,NA,NA,NA,0,NA,NA,NA,0,NA,NA,NA,0,NA,NA,Union EEZ and country,7.23494,-13.41098,232908
Bangladesh,8481,Bangladesh,2142,BGD,50,Bangladesh,2142,BGD,50,NA,0,NA,NA,NA,0,NA,NA,NA,0,NA,NA,NA,0,NA,NA,Union EEZ and country,22.35267,90.40713,250237
Fiji,8325,Fiji,2108,FJI,242,Fiji,2108,FJI,242,NA,0,NA,NA,NA,0,NA,NA,NA,0,NA,NA,NA,0,NA,NA,Union EEZ and country,-17.98632,95.94863,1303022
Israel,8375,Israel,2123,ISR,376,Israel,2123,ISR,376,NA,0,NA,NA,NA,0,NA,NA,NA,0,NA,NA,NA,0,NA,NA,Union EEZ and country,32.02153,34.48659,45366
El Salvador,8428,El Salvador,2135,SLV,222,El Salvador,2135,SLV,222,NA,0,NA,NA,NA,0,NA,NA,NA,0,NA,NA,NA,0,NA,NA,Union EEZ and country,12.18533,-89.58804,115630
French Polynesia,8440,French Polynesia,8656,PYF,258,France,17,FRA,250,NA,0,NA,NA,NA,0,NA,NA,NA,0,NA,NA,NA,0,NA,NA,Union EEZ and country,-18.73237,-144.00452,4774878
Cayman Islands,8407,Cayman Islands,8638,CYM,136,United Kingdom,2208,GBR,826,NA,0,NA,NA,NA,0,NA,NA,NA,0,NA,NA,NA,0,NA,NA,Union EEZ and country,19.15407,-81.13855,118567
Maldives,8345,Maldives,2229,MDV,462,Maldives,2229,MDV,462,NA,0,NA,NA,NA,0,NA,NA,NA,0,NA,NA,NA,0,NA,NA,Union EEZ and country,2.48281,73.08342,921036
Tunisia,8366,Tunisia,2214,TUN,788,Tunisia,2214,TUN,788,NA,0,NA,NA,NA,0,NA,NA,NA,0,NA,NA,NA,0,NA,NA,Union EEZ and country,34.86126,10.16292,254799
Nauru,8317,Nauru,8596,NRU,520,Nauru,8596,NRU,520,NA,0,NA,NA,NA,0,NA,NA,NA,0,NA,NA,NA,0,NA,NA,Union EEZ and country,-0.59113,166.12402,309283
Trinidad and Tobago,8420,Trinidad and Tobago,2186,TTO,780,Trinidad and Tobago,2186,TTO,780,NA,0,NA,NA,NA,0,NA,NA,NA,0,NA,NA,NA,0,NA,NA,Union EEZ and country,10.92738,-60.06508,81719
Overlapping claim: Canada / USA,48943,Canada,2169,CAN,124,Canada,2169,CAN,124,United States,2204,USA,840,United States,2204,USA,840,NA,0,NA,NA,NA,0,NA,NA,Overlapping claim,72.03395,-139.852,24772
Cocos Islands,8308,Cocos Islands,8589,CCK,166,Australia,2147,AUS,36,NA,0,NA,NA,NA,0,NA,NA,NA,0,NA,NA,NA,0,NA,NA,Union EEZ and country,-12.03147,96.85434,467457
Martinique,33178,Martinique,8655,MTQ,474,France,17,FRA,250,NA,0,NA,NA,NA,0,NA,NA,NA,0,NA,NA,NA,0,NA,NA,Union EEZ and country,14.96773,-60.21926,48905
Costa Rica,8424,Costa Rica,2162,CRI,188,Costa Rica,2162,CRI,188,NA,0,NA,NA,NA,0,NA,NA,NA,0,NA,NA,NA,0,NA,NA,Union EEZ and country,7.00015,-86.31942,632868
Kuwait,8357,Kuwait,2115,KWT,414,Kuwait,2115,KWT,414,NA,0,NA,NA,NA,0,NA,NA,NA,0,NA,NA,NA,0,NA,NA,Union EEZ and country,29.28885,48.01058,28645
South Georgia and the South Sandwich Islands,8383,South Georgia and the South Sandwich Islands,8624,SGS,239,United Kingdom,2208,GBR,826,South Georgia and the South Sandwich Islands,8624,SGS,239,Argentina,2149,ARG,32,NA,0,NA,NA,NA,0,NA,NA,Union EEZ and country,-56.51867,-31.27742,1241743
Kazakhstan,26522,Kazakhstan,2119,KAZ,398,Kazakhstan,2119,KAZ,398,NA,0,NA,NA,NA,0,NA,NA,NA,0,NA,NA,NA,0,NA,NA,Union EEZ and country,48.02287,66.68427,2836840
Guernsey,21788,Guernsey,4377,GGY,831,United Kingdom,2208,GBR,826,NA,0,NA,NA,NA,0,NA,NA,NA,0,NA,NA,NA,0,NA,NA,Union EEZ and country,49.63762,-2.65654,6619
Indonesia,8492,Indonesia,2127,IDN,360,Indonesia,2127,IDN,360,NA,0,NA,NA,NA,0,NA,NA,NA,0,NA,NA,NA,0,NA,NA,Union EEZ and country,-3.05027,117.74814,7908337
Ireland,5681,Ireland,2114,IRL,372,Ireland,2114,IRL,372,NA,0,NA,NA,NA,0,NA,NA,NA,0,NA,NA,NA,0,NA,NA,Union EEZ and country,52.72782,-11.234,497290
Marshall Islands,8318,Marshall Islands,2226,MHL,584,Marshall Islands,2226,MHL,584,NA,0,NA,NA,NA,0,NA,NA,NA,0,NA,NA,NA,0,NA,NA,Union EEZ and country,10.15122,167.48812,2004305
Antarctica,8489,Antarctica,1926,ATA,10,Antarctica,1926,ATA,10,NA,0,NA,NA,NA,0,NA,NA,NA,0,NA,NA,NA,0,NA,NA,Union EEZ and country,-77.78128,11.74745,22143430
Malta,5685,Malta,2217,MLT,470,Malta,2217,MLT,470,NA,0,NA,NA,NA,0,NA,NA,NA,0,NA,NA,NA,0,NA,NA,Union EEZ and country,35.3173,15.10683,53248
Glorioso Islands,48945,Glorioso Islands,8607,NA,NA,Madagascar,7963,MDG,450,Glorioso Islands,8607,ATF,260,France,17,FRA,250,NA,0,NA,NA,NA,0,NA,NA,Overlapping claim,-11.61806,47.09707,43538
Cambodia,8331,Cambodia,2171,KHM,116,Cambodia,2171,KHM,116,NA,0,NA,NA,NA,0,NA,NA,NA,0,NA,NA,NA,0,NA,NA,Union EEZ and country,12.18902,104.41755,230127
Republic of Mauritius,8343,Republic of Mauritius,8614,MUS,480,Republic of Mauritius,8614,MUS,480,NA,0,NA,NA,NA,0,NA,NA,NA,0,NA,NA,NA,0,NA,NA,Union EEZ and country,-16.81658,60.11338,1280969
Guam,48957,Guam,8599,GUM,316,United States,2204,USA,840,NA,0,NA,NA,NA,0,NA,NA,NA,0,NA,NA,NA,0,NA,NA,Union EEZ and country,12.93093,144.00465,208784
Saint Lucia,8416,Saint Lucia,8647,LCA,662,Saint Lucia,8647,LCA,662,NA,0,NA,NA,NA,0,NA,NA,NA,0,NA,NA,NA,0,NA,NA,Union EEZ and country,13.87849,-61.09834,16027
Overlapping claim: Puerto Rico / Dominican Republic,48982,Puerto Rico,8641,PRI,630,United States,2204,USA,840,Dominican Republic,8640,DOM,214,Dominican Republic,8640,DOM,214,NA,0,NA,NA,NA,0,NA,NA,Overlapping claim,20.89448,-66.84125,18297
Solomon Islands,8314,Solomon Islands,8593,SLB,90,Solomon Islands,8593,SLB,90,NA,0,NA,NA,NA,0,NA,NA,NA,0,NA,NA,NA,0,NA,NA,Union EEZ and country,-10.03053,163.61703,1633806
Eritrea,8351,Eritrea,2111,ERI,232,Eritrea,2111,ERI,232,NA,0,NA,NA,NA,0,NA,NA,NA,0,NA,NA,NA,0,NA,NA,Union EEZ and country,15.55468,39.52946,199286
Ecuador,8431,Ecuador,2166,ECU,218,Ecuador,2166,ECU,218,NA,0,NA,NA,NA,0,NA,NA,NA,0,NA,NA,NA,0,NA,NA,Union EEZ and country,-1.21701,-80.2472,484248
Morocco,8367,Morocco,2221,MAR,504,Morocco,2221,MAR,504,NA,0,NA,NA,NA,0,NA,NA,NA,0,NA,NA,NA,0,NA,NA,Union EEZ and country,32.24737,-7.75325,686692
Comores,8334,Comores,2163,COM,174,Comores,2163,COM,174,NA,0,NA,0,NA,0,NA,0,NA,0,NA,0,NA,0,NA,0,Union EEZ and country,-11.42789,43.45654,166149
Jan Mayen,8437,Jan Mayen,5343,SJM,744,Norway,2252,NOR,578,NA,0,NA,NA,NA,0,NA,NA,NA,0,NA,NA,NA,0,NA,NA,Union EEZ and country,71.11408,-5.25539,293291
Malaysia,8483,Malaysia,2230,MYS,458,Malaysia,2230,MYS,458,NA,0,NA,NA,NA,0,NA,NA,NA,0,NA,NA,NA,0,NA,NA,Union EEZ and country,4.63461,109.35668,840293
Prince Edward Islands,8384,Prince Edward Islands,22598,NA,NA,South Africa,2176,ZAF,710,NA,0,NA,NA,NA,0,NA,NA,NA,0,NA,NA,NA,0,NA,NA,Union EEZ and country,-46.83294,37.80851,475240
Madeira,8363,Madeira,4956,NA,NA,Portugal,2243,PRT,620,NA,0,NA,NA,NA,0,NA,NA,NA,0,NA,NA,NA,0,NA,NA,Union EEZ and country,33.17225,-16.81115,453616
France,5677,France,17,FRA,250,France,17,FRA,250,NA,0,NA,NA,NA,0,NA,NA,NA,0,NA,NA,NA,0,NA,NA,Union EEZ and country,46.36162,0.81913,894295
Europa Island,8341,Europa Island,8612,ATF,260,France,17,FRA,250,NA,0,NA,NA,NA,0,NA,NA,NA,0,NA,NA,NA,0,NA,NA,Union EEZ and country,-23.53637,40.10937,127986
Guinea,8472,Guinea,2122,GIN,324,Guinea,2122,GIN,324,NA,0,NA,NA,NA,0,NA,NA,NA,0,NA,NA,NA,0,NA,NA,Union EEZ and country,10.07014,-12.30861,346871
Dominican Republic,8409,Dominican Republic,8640,DOM,214,Dominican Republic,8640,DOM,214,NA,0,NA,NA,NA,0,NA,NA,NA,0,NA,NA,NA,0,NA,NA,Union EEZ and country,19.10902,-69.77134,398852
Bermuda,8402,Bermuda,8636,BMU,60,United Kingdom,2208,GBR,826,NA,0,NA,NA,NA,0,NA,NA,NA,0,NA,NA,NA,0,NA,NA,Union EEZ and country,32.36898,-64.80692,464453
Antigua and Barbuda,8414,Antigua and Barbuda,8645,ATG,28,Antigua and Barbuda,8645,ATG,28,NA,0,NA,NA,NA,0,NA,NA,NA,0,NA,NA,NA,0,NA,NA,Union EEZ and country,18.72715,-60.57538,112004
Svalbard,33181,Svalbard,5334,SJM,744,Norway,2252,NOR,578,NA,0,NA,NA,NA,0,NA,NA,NA,0,NA,NA,NA,0,NA,NA,Union EEZ and country,78.72611,18.30829,857868
Yemen,8353,Yemen,2199,YEM,887,Yemen,2199,YEM,887,NA,0,NA,NA,NA,0,NA,NA,NA,0,NA,NA,NA,0,NA,NA,Union EEZ and country,14.293,49.98167,980397
Mozambique,8347,Mozambique,2220,MOZ,508,Mozambique,2220,MOZ,508,NA,0,NA,NA,NA,0,NA,NA,NA,0,NA,NA,NA,0,NA,NA,Union EEZ and country,-18.57568,36.57083,1352537
Collectivity of Saint Martin,8495,Collectivity of Saint Martin,8688,MAF,663,France,17,FRA,250,NA,0,NA,NA,NA,0,NA,NA,NA,0,NA,NA,NA,0,NA,NA,Union EEZ and country,18.03685,-63.19595,1155
Saint Vincent and the Grenadines,8421,Saint Vincent and the Grenadines,8651,VCT,670,Saint Vincent and the Grenadines,8651,VCT,670,NA,0,NA,NA,NA,0,NA,NA,NA,0,NA,NA,NA,0,NA,NA,Union EEZ and country,13.15852,-61.68907,36641
Jarvis Island,8442,Jarvis Island,8668,UMI,581,United States,2204,USA,840,NA,0,NA,NA,NA,0,NA,NA,NA,0,NA,NA,NA,0,NA,NA,Union EEZ and country,-0.91398,-160.46838,323193
Kerguélen,8387,Kerguélen,8630,ATF,260,France,17,FRA,250,NA,0,NA,NA,NA,0,NA,NA,NA,0,NA,NA,NA,0,NA,NA,Union EEZ and country,-48.88353,68.98137,558170
Liberia,8391,Liberia,2105,LBR,430,Liberia,2105,LBR,430,NA,0,NA,NA,NA,0,NA,NA,NA,0,NA,NA,NA,0,NA,NA,Union EEZ and country,4.53429,-9.93744,347612
Venezuela,8433,Venezuela,2201,VEN,862,Venezuela,2201,VEN,862,NA,0,NA,NA,NA,0,NA,NA,NA,0,NA,NA,NA,0,NA,NA,Union EEZ and country,9.08402,-66.06927,1383015
Dominica,8417,Dominica,8648,DMA,212,Dominica,8648,DMA,212,NA,0,NA,NA,NA,0,NA,NA,NA,0,NA,NA,NA,0,NA,NA,Union EEZ and country,15.49577,-60.73732,29307
Christmas Island,8309,Christmas Island,8590,CXR,162,Australia,2147,AUS,36,NA,0,NA,NA,NA,0,NA,NA,NA,0,NA,NA,NA,0,NA,NA,Union EEZ and country,-11.24326,105.36534,328134
United States Virgin Islands,33180,United States Virgin Islands,8642,VIR,850,United States,2204,USA,840,NA,0,NA,NA,NA,0,NA,NA,NA,0,NA,NA,NA,0,NA,NA,Union EEZ and country,17.26167,-64.9232,38636
Navassa Island,48951,Navassa Island,20312,NA,NA,Haiti,8639,HTI,332,Navassa Island,20312,NA,NA,United States,2204,USA,840,Navassa Island,20312,NA,NA,Jamaica,8682,JAM,388,Overlapping claim,18.33817,-75.18366,13895
Lithuania,5684,Lithuania,2156,LTU,440,Lithuania,2156,LTU,440,NA,0,NA,NA,NA,0,NA,NA,NA,0,NA,NA,NA,0,NA,NA,Union EEZ and country,55.37696,23.56118,71748
Azerbaijan,26524,Azerbaijan,2134,AZE,31,Azerbaijan,2134,AZE,31,NA,0,NA,NA,NA,0,NA,NA,NA,0,NA,NA,NA,0,NA,NA,Union EEZ and country,40.29005,48.88111,166590
Republic of the Congo,8394,Republic of the Congo,8633,COG,178,Republic of the Congo,8633,COG,178,NA,0,NA,NA,NA,0,NA,NA,NA,0,NA,NA,NA,0,NA,NA,Union EEZ and country,-1.24501,14.80434,376110
Taiwan,8321,Taiwan,2177,TWN,158,Taiwan,2177,TWN,158,NA,0,NA,0,NA,0,NA,0,NA,0,NA,0,NA,0,NA,0,Union EEZ and country,21.63875,118.92579,391613
Sint-Eustatius,26526,Sint-Eustatius,26525,BES,535,Netherlands,15,NLD,528,NA,0,NA,NA,NA,0,NA,NA,NA,0,NA,NA,NA,0,NA,NA,Union EEZ and country,17.34052,-63.12824,2199
Montenegro,5691,Montenegro,17831,MNE,499,Montenegro,17831,MNE,499,NA,0,NA,NA,NA,0,NA,NA,NA,0,NA,NA,NA,0,NA,NA,Union EEZ and country,42.5007,19.07364,20237
Denmark,5674,Denmark,2157,DNK,208,Denmark,2157,DNK,208,NA,0,NA,NA,NA,0,NA,NA,NA,0,NA,NA,NA,0,NA,NA,Union EEZ and country,56.08848,9.48072,148536
Overlapping claim: Venezuela / Aruba / Dominican Republic,48965,Venezuela,2201,VEN,862,Venezuela,2201,VEN,862,Aruba,8652,ABW,533,Netherlands,15,NLD,528,Dominican Republic,8640,DOM,214,Dominican Republic,8640,DOM,214,Overlapping claim,15.30381,-69.65326,1113
Palau,8315,Palau,8594,PLW,585,Palau,8594,PLW,585,NA,0,NA,NA,NA,0,NA,NA,NA,0,NA,NA,NA,0,NA,NA,Union EEZ and country,6.44114,133.06812,615371
Chagos Archipelago,62589,Chagos Archipelago,8616,NA,NA,Mauritius,8614,MUS,480,NA,0,NA,NA,NA,0,NA,NA,NA,0,NA,NA,NA,0,NA,NA,Union EEZ and country,-6.53946,72.00203,650865
Juan de Nova Island,8339,Juan de Nova Island,8610,ATF,260,France,17,FRA,250,NA,0,NA,NA,NA,0,NA,NA,NA,0,NA,NA,NA,0,NA,NA,Union EEZ and country,-17.30644,42.09477,62824
Benin,8393,Benin,2139,BEN,204,Benin,2139,BEN,204,NA,0,NA,NA,NA,0,NA,NA,NA,0,NA,NA,NA,0,NA,NA,Union EEZ and country,8.53207,2.35613,150707
Vanuatu,8313,Vanuatu,2202,VUT,548,Vanuatu,2202,VUT,548,NA,0,NA,NA,NA,0,NA,NA,NA,0,NA,NA,NA,0,NA,NA,Union EEZ and country,-16.58746,168.55244,635761
Tristan Da Cunha,8382,Tristan da Cunha,8621,SHN,654,United Kingdom,2208,GBR,826,NA,0,NA,NA,NA,0,NA,NA,NA,0,NA,NA,NA,0,NA,NA,Union EEZ and country,-38.7618,-11.20992,758353
Lebanon,8374,Lebanon,2098,LBN,422,Lebanon,2098,LBN,422,NA,0,NA,NA,NA,0,NA,NA,NA,0,NA,NA,NA,0,NA,NA,Union EEZ and country,33.9131,35.23577,30391
Ukraine,5695,Ukraine,2196,UKR,804,Ukraine,2196,UKR,804,NA,0,NA,NA,NA,0,NA,NA,NA,0,NA,NA,NA,0,NA,NA,Union EEZ and country,48.3072,31.7865,734668
Niue,8447,Niue,8673,NIU,570,New Zealand,2227,NZL,554,NA,0,NA,NA,NA,0,NA,NA,NA,0,NA,NA,NA,0,NA,NA,Union EEZ and country,-19.52276,-169.33182,318407
Line Group,8441,Line Group,8657,KIR,296,Kiribati,2116,KIR,296,NA,0,NA,NA,NA,0,NA,NA,NA,0,NA,NA,NA,0,NA,NA,Union EEZ and country,-3.81974,-154.72725,1641797
India,8480,India,2128,IND,356,India,2128,IND,356,NA,0,NA,NA,NA,0,NA,NA,NA,0,NA,NA,NA,0,NA,NA,Union EEZ and country,20.13709,78.41673,4804666
Poland,5687,Poland,2244,POL,616,Poland,2244,POL,616,NA,0,NA,NA,NA,0,NA,NA,NA,0,NA,NA,NA,0,NA,NA,Union EEZ and country,52.38248,19.20597,341743
Germany,5669,Germany,2101,DEU,276,Germany,2101,DEU,276,NA,0,NA,NA,NA,0,NA,NA,NA,0,NA,NA,NA,0,NA,NA,Union EEZ and country,51.61248,10.09884,414205
Argentina,8466,Argentina,2149,ARG,32,Argentina,2149,ARG,32,NA,0,NA,NA,NA,0,NA,NA,NA,0,NA,NA,NA,0,NA,NA,Union EEZ and country,-39.07352,-64.21943,3851647
Hala'ib Triangle,26582,Sudan,2183,SDN,729,Sudan,2183,SDN,729,Egypt,3868,EGY,818,Egypt,3868,EGY,818,NA,0,NA,NA,NA,0,NA,NA,Overlapping claim,22.49336,36.22526,37611
Singapore,8485,Singapore,2190,SGP,702,Singapore,2190,SGP,702,NA,0,NA,NA,NA,0,NA,NA,NA,0,NA,NA,NA,0,NA,NA,Union EEZ and country,1.31398,103.81782,1417
Cyprus,8376,Cyprus,2159,CYP,196,Cyprus,2159,CYP,196,NA,0,NA,NA,NA,0,NA,NA,NA,0,NA,NA,NA,0,NA,NA,Union EEZ and country,34.53785,32.68645,107717
Ascension,8379,Ascension,8620,SHN,654,United Kingdom,2208,GBR,826,NA,0,NA,NA,NA,0,NA,NA,NA,0,NA,NA,NA,0,NA,NA,Union EEZ and country,-7.94747,-14.36337,446105
Belize,8457,Belize,8681,BLZ,84,Belize,8681,BLZ,84,NA,0,NA,NA,NA,0,NA,NA,NA,0,NA,NA,NA,0,NA,NA,Union EEZ and country,17.19599,-88.0243,56440
Montserrat,8415,Montserrat,8646,MSR,500,United Kingdom,2208,GBR,826,NA,0,NA,NA,NA,0,NA,NA,NA,0,NA,NA,NA,0,NA,NA,Union EEZ and country,16.41743,-62.47978,7289
Japan,8487,Japan,2121,JPN,392,Japan,2121,JPN,392,NA,0,NA,NA,NA,0,NA,NA,NA,0,NA,NA,NA,0,NA,NA,Union EEZ and country,30.27975,138.40347,4438697
Aruba,26519,Aruba,8652,ABW,533,Netherlands,15,NLD,528,NA,0,NA,NA,NA,0,NA,NA,NA,0,NA,NA,NA,0,NA,NA,Union EEZ and country,13.73398,-69.67519,30197
Honduras,8427,Honduras,2103,HND,340,Honduras,2103,HND,340,NA,0,NA,NA,NA,0,NA,NA,NA,0,NA,NA,NA,0,NA,NA,Union EEZ and country,16.18527,-84.81067,320588
Canary Islands,8364,Canary Islands,3743,NA,NA,Spain,2185,ESP,724,NA,0,NA,NA,NA,0,NA,NA,NA,0,NA,NA,NA,0,NA,NA,Union EEZ and country,28.36674,-17.58171,453419
Samoa,8445,Samoa,8671,WSM,882,Samoa,8671,WSM,882,NA,0,NA,NA,NA,0,NA,NA,NA,0,NA,NA,NA,0,NA,NA,Union EEZ and country,-13.30647,-172.74125,133334
Tokelau,8449,Tokelau,8675,TKL,772,New Zealand,2227,NZL,554,NA,0,NA,NA,NA,0,NA,NA,NA,0,NA,NA,NA,0,NA,NA,Union EEZ and country,-8.63292,-172.08471,320756
Curaçao,26517,Curaçao,19143,CUW,531,Netherlands,15,NLD,528,NA,0,NA,NA,NA,0,NA,NA,NA,0,NA,NA,NA,0,NA,NA,Union EEZ and country,13.14611,-68.97176,25838
Namibia,8395,Namibia,2218,NAM,516,Namibia,2218,NAM,516,NA,0,NA,NA,NA,0,NA,NA,NA,0,NA,NA,NA,0,NA,NA,Union EEZ and country,-22.75567,15.2067,1386405
Barbados,8418,Barbados,8649,BRB,52,Barbados,8649,BRB,52,NA,0,NA,NA,NA,0,NA,NA,NA,0,NA,NA,NA,0,NA,NA,Union EEZ and country,13.32253,-57.99722,185441
Peru,8432,Peru,2257,PER,604,Peru,2257,PER,604,NA,0,NA,NA,NA,0,NA,NA,NA,0,NA,NA,NA,0,NA,NA,Union EEZ and country,-10.26493,-76.16929,2146766
Sweden,5694,Sweden,2180,SWE,752,Sweden,2180,SWE,752,NA,0,NA,NA,NA,0,NA,NA,NA,0,NA,NA,NA,0,NA,NA,Union EEZ and country,61.98926,17.07979,605433
Egypt,8490,Egypt,3868,EGY,818,Egypt,3868,EGY,818,NA,0,NA,NA,NA,0,NA,NA,NA,0,NA,NA,NA,0,NA,NA,Union EEZ and country,27.35935,30.06187,1227087
American Samoa,8444,American Samoa,8670,ASM,16,United States,2204,USA,840,NA,0,NA,NA,NA,0,NA,NA,NA,0,NA,NA,NA,0,NA,NA,Union EEZ and country,-13.85503,-169.06414,406038
Russia,5690,Russia,2240,RUS,643,Russia,2240,RUS,643,NA,0,NA,NA,NA,0,NA,NA,NA,0,NA,NA,NA,0,NA,NA,Union EEZ and country,65.76098,95.46936,24614858
Palmyra Atoll,8443,Palmyra Atoll,8669,UMI,581,United States,2204,USA,840,NA,0,NA,NA,NA,0,NA,NA,NA,0,NA,NA,NA,0,NA,NA,Union EEZ and country,6.68793,-162.89879,353676
Madagascar,8348,Madagascar,7963,MDG,450,Madagascar,7963,MDG,450,NA,0,NA,NA,NA,0,NA,NA,NA,0,NA,NA,NA,0,NA,NA,Union EEZ and country,-20.40898,47.07263,1786627
Bonaire,26520,Bonaire,15074,BES,535,Netherlands,15,NLD,528,NA,0,NA,NA,NA,0,NA,NA,NA,0,NA,NA,NA,0,NA,NA,Union EEZ and country,12.69987,-68.36807,13290
Albania,5670,Albania,2153,ALB,8,Albania,2153,ALB,8,NA,0,NA,NA,NA,0,NA,NA,NA,0,NA,NA,NA,0,NA,NA,Union EEZ and country,41.07594,19.78273,40954
Guatemala,8430,Guatemala,2097,GTM,320,Guatemala,2097,GTM,320,NA,0,NA,NA,NA,0,NA,NA,NA,0,NA,NA,NA,0,NA,NA,Union EEZ and country,14.11872,-91.23143,218932
Clipperton Island,8401,Clipperton Island,8635,NA,NA,France,17,FRA,250,NA,0,NA,NA,NA,0,NA,NA,NA,0,NA,NA,NA,0,NA,NA,Union EEZ and country,10.30869,-109.21728,435659
Gambia,8370,Gambia,2113,GMB,270,Gambia,2113,GMB,270,NA,0,NA,NA,NA,0,NA,NA,NA,0,NA,NA,NA,0,NA,NA,Union EEZ and country,13.36799,-17.4335,33723
Democratic Republic of the Congo,8477,Democratic Republic of the Congo,2198,COD,180,Democratic Republic of the Congo,2198,COD,180,NA,0,NA,NA,NA,0,NA,NA,NA,0,NA,NA,NA,0,NA,NA,Union EEZ and country,-2.89652,23.5802,2342345
Iceland,5680,Iceland,2129,ISL,352,Iceland,2129,ISL,352,NA,0,NA,NA,NA,0,NA,NA,NA,0,NA,NA,NA,0,NA,NA,Union EEZ and country,64.73246,-18.46504,865631
Pitcairn,8439,Pitcairn,2259,PCN,612,United Kingdom,2208,GBR,826,NA,0,NA,NA,NA,0,NA,NA,NA,0,NA,NA,NA,0,NA,NA,Union EEZ and country,-24.60621,-127.42138,842344
Ghana,8400,Ghana,2100,GHA,288,Ghana,2100,GHA,288,NA,0,NA,NA,NA,0,NA,NA,NA,0,NA,NA,NA,0,NA,NA,Union EEZ and country,5.79819,-1.03492,466118
Anguilla,8412,Anguilla,8643,AIA,660,United Kingdom,2208,GBR,826,NA,0,NA,NA,NA,0,NA,NA,NA,0,NA,NA,NA,0,NA,NA,Union EEZ and country,20.01639,-62.54376,90247
Libya,8372,Libya,2194,LBY,434,Libya,2194,LBY,434,NA,0,NA,NA,NA,0,NA,NA,NA,0,NA,NA,NA,0,NA,NA,Union EEZ and country,28.21982,18.11561,1980876
Islas San Félix and San Ambrosio,22756,Islas San Félix and San Ambrosio,25135,CHL,152,Chile,2165,CHL,152,NA,0,NA,NA,NA,0,NA,NA,NA,0,NA,NA,NA,0,NA,NA,Union EEZ and country,-26.33091,-79.99086,450968
Belarus,NA,Belarus,2141,BLR,112,Belarus,2141,BLR,112,NA,NA,NA,NA,NA,NA,NA,NA,NA,NA,NA,NA,NA,NA,NA,NA,Landlocked country,53.54203,28.04934,207595
Hungary,NA,Hungary,2130,HUN,348,Hungary,2130,HUN,348,NA,NA,NA,NA,NA,NA,NA,NA,NA,NA,NA,NA,NA,NA,NA,NA,Landlocked country,47.16502,19.41253,93001
Tajikistan,NA,Tajikistan,2178,TJK,762,Tajikistan,2178,TJK,762,NA,NA,NA,NA,NA,NA,NA,NA,NA,NA,NA,NA,NA,NA,NA,NA,Landlocked country,38.528,71.03659,142401
Burkina Faso,NA,Burkina Faso,2173,BFA,854,Burkina Faso,2173,BFA,854,NA,NA,NA,NA,NA,NA,NA,NA,NA,NA,NA,NA,NA,NA,NA,NA,Landlocked country,12.28654,-1.74135,273981
Rwanda,NA,Rwanda,2239,RWA,646,Rwanda,2239,RWA,646,NA,NA,NA,NA,NA,NA,NA,NA,NA,NA,NA,NA,NA,NA,NA,NA,Landlocked country,-1.9991,29.92567,25315
Mongolia,NA,Mongolia,17584,MNG,496,Mongolia,17584,MNG,496,NA,NA,NA,NA,NA,NA,NA,NA,NA,NA,NA,NA,NA,NA,NA,NA,Landlocked country,46.8363,103.07092,1564954
Zambia,NA,Zambia,2197,ZMB,894,Zambia,2197,ZMB,894,NA,NA,NA,NA,NA,NA,NA,NA,NA,NA,NA,NA,NA,NA,NA,NA,Landlocked country,-13.45692,27.79435,751192
Swaziland,NA,Swaziland,2181,SWZ,748,Swaziland,2181,SWZ,748,NA,NA,NA,NA,NA,NA,NA,NA,NA,NA,NA,NA,NA,NA,NA,NA,Landlocked country,-26.5657,31.49955,17367
Laos,NA,Laos,17551,LAO,418,Laos,17551,LAO,418,NA,NA,NA,NA,NA,NA,NA,NA,NA,NA,NA,NA,NA,NA,NA,NA,Landlocked country,18.49836,103.76958,229725
Moldova,NA,Moldova,2223,MDA,498,Moldova,2223,MDA,498,NA,NA,NA,NA,NA,NA,NA,NA,NA,NA,NA,NA,NA,NA,NA,NA,Landlocked country,47.20278,28.4648,33856
Bhutan,NA,Bhutan,2138,BTN,64,Bhutan,2138,BTN,64,NA,NA,NA,NA,NA,NA,NA,NA,NA,NA,NA,NA,NA,NA,NA,NA,Landlocked country,27.42117,90.42016,40035
South Sudan,NA,South Sudan,31475,SSD,728,South Sudan,31475,SSD,728,NA,NA,NA,NA,NA,NA,NA,NA,NA,NA,NA,NA,NA,NA,NA,NA,Landlocked country,7.27955,30.34933,632552
Kyrgyzstan,NA,Kyrgyzstan,2117,KGZ,417,Kyrgyzstan,2117,KGZ,417,NA,NA,NA,NA,NA,NA,NA,NA,NA,NA,NA,NA,NA,NA,NA,NA,Landlocked country,41.46415,74.55451,199638
Liechtenstein,NA,Liechtenstein,2235,LIE,438,Liechtenstein,2235,LIE,438,NA,NA,NA,NA,NA,NA,NA,NA,NA,NA,NA,NA,NA,NA,NA,NA,Landlocked country,47.14144,9.55258,161
Switzerland,NA,Switzerland,2179,CHE,756,Switzerland,2179,CHE,756,NA,NA,NA,NA,NA,NA,NA,NA,NA,NA,NA,NA,NA,NA,NA,NA,Landlocked country,46.80048,8.22994,41270
Central African Republic,NA,Central African Republic,2167,CAF,140,Central African Republic,2167,CAF,140,NA,NA,NA,NA,NA,NA,NA,NA,NA,NA,NA,NA,NA,NA,NA,NA,Landlocked country,6.57694,20.48641,620253
Mali,NA,Mali,2228,MLI,466,Mali,2228,MLI,466,NA,NA,NA,NA,NA,NA,NA,NA,NA,NA,NA,NA,NA,NA,NA,NA,Landlocked country,17.36075,-3.52242,1252545
Czech Republic,NA,Czech Republic,2158,CZE,203,Czech Republic,2158,CZE,203,NA,NA,NA,NA,NA,NA,NA,NA,NA,NA,NA,NA,NA,NA,NA,NA,Landlocked country,49.73926,15.33131,78842
Bouvet,NA,Bouvet,8634,BVT,74,Norway,2252,NOR,578,NA,NA,NA,NA,NA,NA,NA,NA,NA,NA,NA,NA,NA,NA,NA,NA,Landlocked country,-54.42184,3.35837,51
Paraguay,NA,Paraguay,2247,PRY,600,Paraguay,2247,PRY,600,NA,NA,NA,NA,NA,NA,NA,NA,NA,NA,NA,NA,NA,NA,NA,NA,Landlocked country,-23.22336,-58.40567,400752
Slovakia,NA,Slovakia,2189,SVK,703,Slovakia,2189,SVK,703,NA,NA,NA,NA,NA,NA,NA,NA,NA,NA,NA,NA,NA,NA,NA,NA,Landlocked country,48.70746,19.48507,49038
Macedonia,NA,Macedonia,2232,MKD,807,Macedonia,2232,MKD,807,NA,NA,NA,NA,NA,NA,NA,NA,NA,NA,NA,NA,NA,NA,NA,NA,Landlocked country,41.60059,21.69875,25437
Ethiopia,NA,Ethiopia,2109,ETH,231,Ethiopia,2109,ETH,231,NA,NA,NA,NA,NA,NA,NA,NA,NA,NA,NA,NA,NA,NA,NA,NA,Landlocked country,8.63195,39.63514,1129077
Uganda,NA,Uganda,2209,UGA,800,Uganda,2209,UGA,800,NA,NA,NA,NA,NA,NA,NA,NA,NA,NA,NA,NA,NA,NA,NA,NA,Landlocked country,1.27918,32.38997,241519
Andorra,NA,Andorra,2151,AND,20,Andorra,2151,AND,20,NA,NA,NA,NA,NA,NA,NA,NA,NA,NA,NA,NA,NA,NA,NA,NA,Landlocked country,42.54516,1.57585,468
Bolivia,NA,Bolivia,2137,BOL,68,Bolivia,2137,BOL,68,NA,NA,NA,NA,NA,NA,NA,NA,NA,NA,NA,NA,NA,NA,NA,NA,Landlocked country,-16.71004,-64.66432,1082641
Austria,NA,Austria,2146,AUT,40,Austria,2146,AUT,40,NA,NA,NA,NA,NA,NA,NA,NA,NA,NA,NA,NA,NA,NA,NA,NA,Landlocked country,47.58715,14.14156,83989
Afghanistan,NA,Afghanistan,2256,AFG,4,Afghanistan,2256,AFG,4,NA,NA,NA,NA,NA,NA,NA,NA,NA,NA,NA,NA,NA,NA,NA,NA,Landlocked country,33.83078,66.02572,641860
Burundi,NA,Burundi,2172,BDI,108,Burundi,2172,BDI,108,NA,NA,NA,NA,NA,NA,NA,NA,NA,NA,NA,NA,NA,NA,NA,NA,Landlocked country,-3.366,29.89129,26833
Botswana,NA,Botswana,2164,BWA,72,Botswana,2164,BWA,72,NA,NA,NA,NA,NA,NA,NA,NA,NA,NA,NA,NA,NA,NA,NA,NA,Landlocked country,-22.18758,23.81488,578166
Grand Duchy of Luxembourg,NA,Grand Duchy of Luxembourg,2233,LUX,442,Grand Duchy of Luxembourg,2233,LUX,442,NA,NA,NA,NA,NA,NA,NA,NA,NA,NA,NA,NA,NA,NA,NA,NA,Landlocked country,49.77724,6.09238,2595
Nepal,NA,Nepal,2246,NPL,524,Nepal,2246,NPL,524,NA,NA,NA,NA,NA,NA,NA,NA,NA,NA,NA,NA,NA,NA,NA,NA,Landlocked country,28.2595,83.94394,147297
Chad,NA,Chad,2155,TCD,148,Chad,2155,TCD,148,NA,NA,NA,NA,NA,NA,NA,NA,NA,NA,NA,NA,NA,NA,NA,NA,Landlocked country,15.37538,18.66806,1270767
Uzbekistan,NA,Uzbekistan,2203,UZB,860,Uzbekistan,2203,UZB,860,NA,NA,NA,NA,NA,NA,NA,NA,NA,NA,NA,NA,NA,NA,NA,NA,Landlocked country,41.7608,63.14047,447321
Niger,NA,Niger,2254,NER,562,Niger,2254,NER,562,NA,NA,NA,NA,NA,NA,NA,NA,NA,NA,NA,NA,NA,NA,NA,NA,Landlocked country,17.41524,9.40085,1181113
Serbia,NA,Serbia,21449,SRB,688,Serbia,21449,SRB,688,NA,NA,NA,NA,NA,NA,NA,NA,NA,NA,NA,NA,NA,NA,NA,NA,Landlocked country,44.03168,20.80693,88333
Zimbabwe,NA,Zimbabwe,2234,ZWE,716,Zimbabwe,2234,ZWE,716,NA,NA,NA,NA,NA,NA,NA,NA,NA,NA,NA,NA,NA,NA,NA,NA,Landlocked country,-19.00011,29.87213,390690
Spain,5693,Spain,2185,ESP,724,Spain,2185,ESP,724,NA,0,NA,NA,NA,0,NA,NA,NA,0,NA,NA,NA,0,NA,NA,Union EEZ and country,41.09913,-3.84711,1060248
Colombian Exclusive Economic Zone (Quitasueño),62598,Quitasueño Bank,5765,NA,0,Colombia,2175,COL,170,NA,0,NA,0,NA,0,NA,0,NA,0,NA,0,NA,0,NA,0,Union EEZ and country,14.30378,-81.16149,4009
Chafarinas Islands,48997,Chafarinas Islands,5363,NA,NA,Spain,2185,ESP,724,Chafarinas Islands,5363,NA,NA,Morocco,2221,MAR,504,NA,0,NA,NA,NA,0,NA,NA,Overlapping claim,35.17013,-2.45308,26
Ceuta,49002,Ceuta,14864,NA,NA,Spain,2185,ESP,724,Ceuta,14864,NA,NA,Morocco,2221,MAR,504,NA,0,NA,NA,NA,0,NA,NA,Overlapping claim,35.87852,-5.31943,53
Saint-Pierre and Miquelon,8494,Saint-Pierre and Miquelon,8686,SPM,666,France,17,FRA,250,NA,0,NA,NA,NA,0,NA,NA,NA,0,NA,NA,NA,0,NA,NA,Union EEZ and country,45.87679,-56.38553,12641
Serrana Bank,62596,Serrana Bank,5770,NA,NA,Colombia,2175,COL,170,NA,0,NA,NA,NA,0,NA,NA,NA,0,NA,NA,NA,0,NA,NA,Union EEZ and country,14.38097,-80.30178,2842
Italy,5682,Italy,2133,ITA,380,Italy,2133,ITA,380,NA,0,NA,NA,NA,0,NA,NA,NA,0,NA,NA,NA,0,NA,NA,Union EEZ and country,40.81506,12.61231,837432
Melilla,49000,Melilla,36288,NA,NA,Spain,2185,ESP,724,Melilla,36288,NA,NA,Morocco,2221,MAR,504,NA,0,NA,NA,NA,0,NA,NA,Overlapping claim,35.30805,-2.92826,41
Belgium,3293,Belgium,14,BEL,56,Belgium,14,BEL,56,NA,0,NA,NA,NA,0,NA,NA,NA,0,NA,NA,NA,0,NA,NA,Union EEZ and country,50.72646,4.4575,34086
Oman,8354,Oman,2251,OMN,512,Oman,2251,OMN,512,NA,0,NA,NA,NA,0,NA,NA,NA,0,NA,NA,NA,0,NA,NA,Union EEZ and country,19.54041,57.7514,864661
Monaco,21790,Monaco,2222,MCO,492,Monaco,2222,MCO,492,NA,0,NA,NA,NA,0,NA,NA,NA,0,NA,NA,NA,0,NA,NA,Union EEZ and country,43.3518,7.58608,291
Bosnia and Herzegovina,22491,Bosnia and Herzegovina,2136,BIH,70,Bosnia and Herzegovina,2136,BIH,70,NA,0,NA,NA,NA,0,NA,NA,NA,0,NA,NA,NA,0,NA,NA,Union EEZ and country,44.16895,17.79085,50998
Peñón de Vélez de la Gomera,48999,Peñón de Vélez de la Gomera,48996,NA,NA,Spain,2185,ESP,724,Peñón de Vélez de la Gomera,48996,NA,NA,Morocco,2221,MAR,504,NA,0,NA,NA,NA,0,NA,NA,Overlapping claim,35.18506,-4.30599,4
Perejil Island,48998,Perejil Island,48994,NA,NA,Spain,2185,ESP,724,Perejil Island,48994,NA,NA,Morocco,2221,MAR,504,NA,0,NA,NA,NA,0,NA,NA,Overlapping claim,35.91444,-5.41983,1
Bajo Nuevo Bank,48985,Bajo Nuevo Bank,48983,NA,NA,Colombia,2175,COL,170,NA,0,NA,NA,NA,0,NA,NA,NA,0,NA,NA,NA,0,NA,NA,Union EEZ and country,15.85001,-78.63333,1553
Alhucemas Islands,49001,Alhucemas Islands,48995,NA,NA,Spain,2185,ESP,724,Alhucemas Islands,48995,NA,NA,Morocco,2221,MAR,504,NA,0,NA,NA,NA,0,NA,NA,Overlapping claim,35.23416,-3.87872,14
Oecusse,21791,Oecusse,26234,NA,NA,East Timor,8757,TLS,626,NA,0,NA,NA,NA,0,NA,NA,NA,0,NA,NA,NA,0,NA,NA,Union EEZ and country,-9.12723,124.27427,2578
Malawi,NA,Malawi,2231,MWI,454,Malawi,2231,MWI,454,NA,NA,NA,NA,NA,NA,NA,NA,NA,NA,NA,NA,NA,NA,NA,NA,Landlocked country,-13.21296,34.30139,118501
Lesotho,NA,Lesotho,2107,LSO,426,Lesotho,2107,LSO,426,NA,NA,NA,NA,NA,NA,NA,NA,NA,NA,NA,NA,NA,NA,NA,NA,Landlocked country,-29.58395,28.24612,30562
Armenia,NA,Armenia,2148,ARM,51,Armenia,2148,ARM,51,NA,NA,NA,NA,NA,NA,NA,NA,NA,NA,NA,NA,NA,NA,NA,NA,Landlocked country,40.2948,44.93935,29733
Gibraltar,8365,Gibraltar,3344,GIB,292,United Kingdom,2208,GIB,826,Spain,2185,ESP,724,Spain,2185,ESP,724,NA,0,NA,NA,NA,0,NA,NA,Union EEZ and country,36.08911,-5.22177,395
San Marino,NA,San Marino,21446,SMR,674,San Marino,21446,SMR,674,NA,NA,NA,NA,NA,NA,NA,NA,NA,NA,NA,NA,NA,NA,NA,NA,Landlocked country,43.93869,12.46291,58
Vatican City,NA,Vatican City,21447,VAT,336,Vatican City,21447,VAT,336,NA,NA,NA,NA,NA,NA,NA,NA,NA,NA,NA,NA,NA,NA,NA,NA,Landlocked country,41.90318,12.45328,1
Joint regime area Argentina / Uruguay,48961,Uruguay,2216,URY,858,Uruguay,2216,URY,858,Argentina,2149,ARG,32,Argentina,2149,ARG,32,NA,0,NA,NA,NA,0,NA,NA,Joint regime (EEZ),-36.25493,-55.16096,41414
Joint regime area Peru / Ecuador,48962,Peru,2257,PER,604,Peru,2257,PER,604,Ecuador,2166,ECU,218,Ecuador,2166,ECU,218,NA,0,NA,NA,NA,0,NA,NA,Joint regime (EEZ),-3.38858,-82.53248,16097
Joint regime area Senegal / Guinea Bissau,48964,Senegal,2225,SEN,686,Senegal,2225,SEN,686,Guinea-Bissau,8685,GNB,624,Guinea-Bissau,8685,GNB,624,NA,0,NA,NA,NA,0,NA,NA,Joint regime (EEZ),11.261,-18.77443,63460
Joint regime area Spain / France,48966,France,17,FRA,250,France,17,FRA,250,Spain,2185,ESP,724,Spain,2185,ESP,724,NA,0,NA,NA,NA,0,NA,NA,Joint regime (EEZ),45.25417,-5.33333,2859
Joint regime area United Kingdom / Denmark (Faeroe Islands),48967,United Kingdom,2208,GBR,826,United Kingdom,2208,GBR,826,Faeroe,3297,FRO,234,Denmark,2157,DNK,208,NA,0,NA,NA,NA,0,NA,NA,Joint regime (EEZ),60.03609,-7.51858,8011
Joint regime area Costa Rica / Ecuador (Galapagos),48968,Costa Rica,2162,CRI,188,Costa Rica,2162,CRI,188,Galapagos,5660,NA,NA,Ecuador,2166,ECU,218,NA,0,NA,NA,NA,0,NA,NA,Joint regime (EEZ),3.22641,-88.84132,17337
Joint regime area Guyana / Barbados,48969,Barbados,8649,BRB,52,Barbados,8649,BRB,52,Guyana,2124,GUY,328,Guyana,2124,GUY,328,NA,0,NA,NA,NA,0,NA,NA,Joint regime (EEZ),10.68079,-57.13214,67
Joint regime area Colombia / Dominican Republic,48970,Dominican Republic,8640,DOM,214,Dominican Republic,8640,DOM,214,Colombia,2175,COL,170,Colombia,2175,COL,170,NA,0,NA,NA,NA,0,NA,NA,Joint regime (EEZ),15.01851,-72.50386,13111
Joint regime area Colombia / Jamaica,21792,Jamaica,8682,JAM,388,Jamaica,8682,JAM,388,Colombia,2175,COL,170,Colombia,2175,COL,170,NA,0,NA,NA,NA,0,NA,NA,Joint regime (EEZ),15.47035,-79.14572,15247
Joint regime area Honduras / Cayman Islands,48972,Honduras,2103,HND,340,Honduras,2103,HND,340,Cayman Islands,8638,CYM,136,United Kingdom,2208,GBR,826,NA,0,NA,NA,NA,0,NA,NA,Joint regime (EEZ),18.70111,-83.94222,2075
Joint regime area Iceland / Denmark (Faeroe Islands),48973,Faeroe,3297,FRO,234,Denmark,2157,DNK,208,Iceland,2129,ISL,352,Iceland,2129,ISL,352,NA,0,NA,NA,NA,0,NA,NA,Joint regime (EEZ),63.15298,-10.98204,1234
Joint regime area Ecuador / Colombia,48974,Ecuador,2166,ECU,218,Ecuador,2166,ECU,218,Colombia,2175,COL,170,Colombia,2175,COL,170,NA,0,NA,NA,NA,0,NA,NA,Joint regime (EEZ),1.46058,-81.43712,18663
Joint regime area Iceland / Norway (Jan Mayen),48975,Iceland,2129,ISL,352,Iceland,2129,ISL,352,Jan Mayen,5343,SJM,744,Norway,2252,NOR,578,NA,0,NA,NA,NA,0,NA,NA,Joint regime (EEZ),69.29167,-8.5,45532
Joint regime area Nigeria / Sao Tome and Principe,21797,Sao Tome and Principe,2238,STP,678,Sao Tome and Principe,2238,STP,678,Nigeria,2253,NGA,566,Nigeria,2253,NGA,566,NA,0,NA,NA,NA,0,NA,NA,Joint regime (EEZ),2.0676,5.58699,34534
Joint regime area Italy / France,48976,France,17,FRA,250,France,17,FRA,250,Italy,2133,ITA,380,Italy,2133,ITA,380,NA,0,NA,NA,NA,0,NA,NA,Joint regime (EEZ),41.30715,9.04886,67
Joint regime area Japan / Korea,21796,South Korea,8600,KOR,410,South Korea,8600,KOR,410,Japan,2121,JPN,392,Japan,2121,JPN,392,NA,0,NA,NA,NA,0,NA,NA,Joint regime (EEZ),30.81396,127.57808,82610
Joint regime area Sweden / Norway,48977,Norway,2252,NOR,578,Norway,2252,NOR,578,Sweden,2180,SWE,752,Sweden,2180,SWE,752,NA,0,NA,NA,NA,0,NA,NA,Joint regime (EEZ),58.80998,10.50095,140
Joint regime area Croatia / Slovenia,50167,Croatia,2160,HRV,191,Croatia,2160,HRV,191,Slovenia,2188,SVN,705,Slovenia,2188,SVN,705,NA,0,NA,NA,NA,0,NA,NA,Joint regime (EEZ),45.4977,13.30933,98
Joint regime area United States / Russia,48978,United States,2204,USA,840,United States,2204,USA,840,Russia,2240,RUS,643,Russia,2240,RUS,643,NA,0,NA,NA,NA,0,NA,NA,Joint regime (EEZ),61.18062,-16.90039,8521
Australia,8323,Australia,2147,AUS,36,Australia,2147,AUS,36,NA,0,NA,NA,NA,0,NA,NA,NA,0,NA,NA,NA,0,NA,NA,Union EEZ and country,-26.51236,136.2067,14557144
Protected Zone established under the Torres Strait Treaty,21798,Papua New Guinea,2237,PNG,598,Papua New Guinea,2237,PNG,598,Australia,2147,AUS,36,Australia,2147,AUS,36,NA,0,NA,NA,NA,0,NA,NA,Union EEZ and country,-9.49432,142.41403,3931
Turkmenistan,26523,Turkmenistan,2212,TKM,795,Turkmenistan,2212,TKM,795,NA,0,NA,NA,NA,0,NA,NA,NA,0,NA,NA,NA,0,NA,NA,Union EEZ and country,39.20596,58.459,550026
